"script","time","pkg.version","r.version","test.date","system.name"
"LST_Bench","1367067131","0.0.0.9004","R version 3.6.2 (2019-12-12)","2020-01-20","S34-C0JBLVDP"
"LST_Bench","1312535232","0.0.0.9004","R version 3.6.2 (2019-12-12)","2020-01-20","S34-C0JBLVDP"
"LST_Bench","1350503255","0.0.0.9004","R version 3.6.2 (2019-12-12)","2020-01-20","S34-C0JBLVDP"
"LST_Bench","1446961805","0.0.0.9004","R version 3.6.2 (2019-12-12)","2020-01-20","S34-C0JBLVDP"
"LST_Bench","1405043430","0.0.0.9004","R version 3.6.2 (2019-12-12)","2020-01-20","S34-C0JBLVDP"
"LST_Bench","1613275302","0.0.0.9004","R version 3.6.2 (2019-12-12)","2020-01-20","S34-C0JBLVDP"
"LST_Bench","1436019942","0.0.0.9004","R version 3.6.2 (2019-12-12)","2020-01-20","S34-C0JBLVDP"
"LST_Bench","1373167567","0.0.0.9004","R version 3.6.2 (2019-12-12)","2020-01-20","S34-C0JBLVDP"
"LST_Bench","1408311362","0.0.0.9004","R version 3.6.2 (2019-12-12)","2020-01-20","S34-C0JBLVDP"
"LST_Bench","1322001432","0.0.0.9004","R version 3.6.2 (2019-12-12)","2020-01-20","S34-C0JBLVDP"
"LST_Bench","1061259291","0.0.0.9005","R version 3.6.2 (2019-12-12)","2020-01-20","S34-C0JBLVDP"
"LST_Bench","938371988","0.0.0.9005","R version 3.6.2 (2019-12-12)","2020-01-20","S34-C0JBLVDP"
"LST_Bench","924919317","0.0.0.9005","R version 3.6.2 (2019-12-12)","2020-01-20","S34-C0JBLVDP"
"LST_Bench","926079173","0.0.0.9005","R version 3.6.2 (2019-12-12)","2020-01-20","S34-C0JBLVDP"
"LST_Bench","970249497","0.0.0.9005","R version 3.6.2 (2019-12-12)","2020-01-20","S34-C0JBLVDP"
"LST_Bench","970203838","0.0.0.9005","R version 3.6.2 (2019-12-12)","2020-01-20","S34-C0JBLVDP"
"LST_Bench","946832056","0.0.0.9005","R version 3.6.2 (2019-12-12)","2020-01-20","S34-C0JBLVDP"
"LST_Bench","935620916","0.0.0.9005","R version 3.6.2 (2019-12-12)","2020-01-20","S34-C0JBLVDP"
"LST_Bench","928335265","0.0.0.9005","R version 3.6.2 (2019-12-12)","2020-01-20","S34-C0JBLVDP"
"LST_Bench","937612315","0.0.0.9005","R version 3.6.2 (2019-12-12)","2020-01-20","S34-C0JBLVDP"
